{
  "nike.com": {
    "roots": [
      "https://www.nike.com",
      "https://nike.com"
    ],
    "paths": [
      "/",
      "/deals",
      "/sale",
      "/promotions",
      "/promo",
      "/discount",
      "/voucher"
    ],
    "token_regex": "(?i)\\b[A-Z0-9]{5,12}\\b",
    "keywords": [
      "code",
      "promo",
      "discount",
      "voucher",
      "apply",
      "checkout"
    ]
  },
  "adidas.com": {
    "roots": [
      "https://www.adidas.com",
      "https://adidas.com"
    ],
    "paths": [
      "/",
      "/outlet",
      "/sale",
      "/promotions",
      "/voucher",
      "/discount"
    ],
    "token_regex": "(?i)\\b[A-Z0-9]{5,12}\\b",
    "keywords": [
      "promo",
      "voucher",
      "discount",
      "code",
      "apply"
    ]
  },
  "asos.com": {
    "roots": [
      "https://www.asos.com",
      "https://asos.com"
    ],
    "paths": [
      "/",
      "/discover/discounts-and-promotions",
      "/sale",
      "/women/sale",
      "/men/sale",
      "/outlet"
    ],
    "token_regex": "(?i)\\b[A-Z0-9]{4,12}\\b",
    "keywords": [
      "discount",
      "promo",
      "voucher",
      "code",
      "student"
    ]
  },
  "zara.com": {
    "roots": [
      "https://www.zara.com",
      "https://zara.com"
    ],
    "paths": [
      "/",
      "/uk/en/woman/sale",
      "/uk/en/man/sale",
      "/sale"
    ],
    "token_regex": "(?i)\\b[A-Z0-9]{5,12}\\b",
    "keywords": [
      "promo",
      "discount",
      "voucher",
      "code"
    ]
  },
  "hm.com": {
    "roots": [
      "https://www2.hm.com",
      "https://hm.com"
    ],
    "paths": [
      "/",
      "/en_gb/sale.html",
      "/en_gb/customer-service/offers-vouchers.html"
    ],
    "token_regex": "(?i)\\b[A-Z0-9-]{5,14}\\b",
    "keywords": [
      "voucher",
      "promo",
      "discount",
      "code"
    ]
  },
  "amazon.co.uk": {
    "roots": [
      "https://www.amazon.co.uk",
      "https://amazon.co.uk"
    ],
    "paths": [
      "/",
      "/deals",
      "/vouchers"
    ],
    "token_regex": "(?i)\\b[A-Z0-9-]{5,14}\\b",
    "keywords": [
      "voucher",
      "promo",
      "discount",
      "code",
      "apply"
    ]
  },
  "amazon.com": {
    "roots": [
      "https://www.amazon.com",
      "https://amazon.com"
    ],
    "paths": [
      "/",
      "/deals",
      "/coupons"
    ],
    "token_regex": "(?i)\\b[A-Z0-9-]{5,14}\\b",
    "keywords": [
      "coupon",
      "promo",
      "discount",
      "code",
      "apply"
    ]
  },
  "boots.com": {
    "roots": [
      "https://www.boots.com",
      "https://boots.com"
    ],
    "paths": [
      "/",
      "/sale",
      "/deals",
      "/promotions",
      "/promo",
      "/discount",
      "/voucher",
      "/vouchers",
      "/offers",
      "/coupons"
    ],
    "token_regex": "(?i)\\b[A-Z0-9-]{4,14}\\b",
    "keywords": [
      "promo",
      "discount",
      "voucher",
      "code",
      "coupon",
      "apply",
      "checkout"
    ]
  },
  "currys.co.uk": {
    "roots": [
      "https://www.currys.co.uk",
      "https://currys.co.uk"
    ],
    "paths": [
      "/",
      "/sale",
      "/deals",
      "/promotions",
      "/promo",
      "/discount",
      "/voucher",
      "/vouchers",
      "/offers",
      "/coupons"
    ],
    "token_regex": "(?i)\\b[A-Z0-9-]{4,14}\\b",
    "keywords": [
      "promo",
      "discount",
      "voucher",
      "code",
      "coupon",
      "apply",
      "checkout"
    ]
  },
  "argos.co.uk": {
    "roots": [
      "https://www.argos.co.uk",
      "https://argos.co.uk"
    ],
    "paths": [
      "/",
      "/sale",
      "/deals",
      "/promotions",
      "/promo",
      "/discount",
      "/voucher",
      "/vouchers",
      "/offers",
      "/coupons"
    ],
    "token_regex": "(?i)\\b[A-Z0-9-]{4,14}\\b",
    "keywords": [
      "promo",
      "discount",
      "voucher",
      "code",
      "coupon",
      "apply",
      "checkout"
    ]
  },
  "johnlewis.com": {
    "roots": [
      "https://www.johnlewis.com",
      "https://johnlewis.com"
    ],
    "paths": [
      "/",
      "/sale",
      "/deals",
      "/promotions",
      "/promo",
      "/discount",
      "/voucher",
      "/vouchers",
      "/offers",
      "/coupons"
    ],
    "token_regex": "(?i)\\b[A-Z0-9-]{4,14}\\b",
    "keywords": [
      "promo",
      "discount",
      "voucher",
      "code",
      "coupon",
      "apply",
      "checkout"
    ]
  },
  "tesco.com": {
    "roots": [
      "https://www.tesco.com",
      "https://tesco.com"
    ],
    "paths": [
      "/",
      "/sale",
      "/deals",
      "/promotions",
      "/promo",
      "/discount",
      "/voucher",
      "/vouchers",
      "/offers",
      "/coupons"
    ],
    "token_regex": "(?i)\\b[A-Z0-9-]{4,14}\\b",
    "keywords": [
      "promo",
      "discount",
      "voucher",
      "code",
      "coupon",
      "apply",
      "checkout"
    ]
  },
  "asda.com": {
    "roots": [
      "https://www.asda.com",
      "https://asda.com"
    ],
    "paths": [
      "/",
      "/sale",
      "/deals",
      "/promotions",
      "/promo",
      "/discount",
      "/voucher",
      "/vouchers",
      "/offers",
      "/coupons"
    ],
    "token_regex": "(?i)\\b[A-Z0-9-]{4,14}\\b",
    "keywords": [
      "promo",
      "discount",
      "voucher",
      "code",
      "coupon",
      "apply",
      "checkout"
    ]
  },
  "sainsburys.co.uk": {
    "roots": [
      "https://www.sainsburys.co.uk",
      "https://sainsburys.co.uk"
    ],
    "paths": [
      "/",
      "/sale",
      "/deals",
      "/promotions",
      "/promo",
      "/discount",
      "/voucher",
      "/vouchers",
      "/offers",
      "/coupons"
    ],
    "token_regex": "(?i)\\b[A-Z0-9-]{4,14}\\b",
    "keywords": [
      "promo",
      "discount",
      "voucher",
      "code",
      "coupon",
      "apply",
      "checkout"
    ]
  },
  "waitrose.com": {
    "roots": [
      "https://www.waitrose.com",
      "https://waitrose.com"
    ],
    "paths": [
      "/",
      "/sale",
      "/deals",
      "/promotions",
      "/promo",
      "/discount",
      "/voucher",
      "/vouchers",
      "/offers",
      "/coupons"
    ],
    "token_regex": "(?i)\\b[A-Z0-9-]{4,14}\\b",
    "keywords": [
      "promo",
      "discount",
      "voucher",
      "code",
      "coupon",
      "apply",
      "checkout"
    ]
  },
  "decathlon.co.uk": {
    "roots": [
      "https://www.decathlon.co.uk",
      "https://decathlon.co.uk"
    ],
    "paths": [
      "/",
      "/sale",
      "/deals",
      "/promotions",
      "/promo",
      "/discount",
      "/voucher",
      "/vouchers",
      "/offers",
      "/coupons"
    ],
    "token_regex": "(?i)\\b[A-Z0-9-]{4,14}\\b",
    "keywords": [
      "promo",
      "discount",
      "voucher",
      "code",
      "coupon",
      "apply",
      "checkout"
    ]
  },
  "sportsdirect.com": {
    "roots": [
      "https://www.sportsdirect.com",
      "https://sportsdirect.com"
    ],
    "paths": [
      "/",
      "/sale",
      "/deals",
      "/promotions",
      "/promo",
      "/discount",
      "/voucher",
      "/vouchers",
      "/offers",
      "/coupons"
    ],
    "token_regex": "(?i)\\b[A-Z0-9-]{4,14}\\b",
    "keywords": [
      "promo",
      "discount",
      "voucher",
      "code",
      "coupon",
      "apply",
      "checkout"
    ]
  },
  "marksandspencer.com": {
    "roots": [
      "https://www.marksandspencer.com",
      "https://marksandspencer.com"
    ],
    "paths": [
      "/",
      "/sale",
      "/deals",
      "/promotions",
      "/promo",
      "/discount",
      "/voucher",
      "/vouchers",
      "/offers",
      "/coupons"
    ],
    "token_regex": "(?i)\\b[A-Z0-9-]{4,14}\\b",
    "keywords": [
      "promo",
      "discount",
      "voucher",
      "code",
      "coupon",
      "apply",
      "checkout"
    ]
  },
  "next.co.uk": {
    "roots": [
      "https://www.next.co.uk",
      "https://next.co.uk"
    ],
    "paths": [
      "/",
      "/sale",
      "/deals",
      "/promotions",
      "/promo",
      "/discount",
      "/voucher",
      "/vouchers",
      "/offers",
      "/coupons"
    ],
    "token_regex": "(?i)\\b[A-Z0-9-]{4,14}\\b",
    "keywords": [
      "promo",
      "discount",
      "voucher",
      "code",
      "coupon",
      "apply",
      "checkout"
    ]
  },
  "uniqlo.com": {
    "roots": [
      "https://www.uniqlo.com",
      "https://uniqlo.com"
    ],
    "paths": [
      "/",
      "/sale",
      "/deals",
      "/promotions",
      "/promo",
      "/discount",
      "/voucher",
      "/vouchers",
      "/offers",
      "/coupons"
    ],
    "token_regex": "(?i)\\b[A-Z0-9-]{4,14}\\b",
    "keywords": [
      "promo",
      "discount",
      "voucher",
      "code",
      "coupon",
      "apply",
      "checkout"
    ]
  },
  "shein.com": {
    "roots": [
      "https://www.shein.com",
      "https://shein.com"
    ],
    "paths": [
      "/",
      "/sale",
      "/deals",
      "/promotions",
      "/promo",
      "/discount",
      "/voucher",
      "/vouchers",
      "/offers",
      "/coupons"
    ],
    "token_regex": "(?i)\\b[A-Z0-9-]{4,14}\\b",
    "keywords": [
      "promo",
      "discount",
      "voucher",
      "code",
      "coupon",
      "apply",
      "checkout"
    ]
  },
  "boohoo.com": {
    "roots": [
      "https://www.boohoo.com",
      "https://boohoo.com"
    ],
    "paths": [
      "/",
      "/sale",
      "/deals",
      "/promotions",
      "/promo",
      "/discount",
      "/voucher",
      "/vouchers",
      "/offers",
      "/coupons"
    ],
    "token_regex": "(?i)\\b[A-Z0-9-]{4,14}\\b",
    "keywords": [
      "promo",
      "discount",
      "voucher",
      "code",
      "coupon",
      "apply",
      "checkout"
    ]
  },
  "prettylittlething.com": {
    "roots": [
      "https://www.prettylittlething.com",
      "https://prettylittlething.com"
    ],
    "paths": [
      "/",
      "/sale",
      "/deals",
      "/promotions",
      "/promo",
      "/discount",
      "/voucher",
      "/vouchers",
      "/offers",
      "/coupons"
    ],
    "token_regex": "(?i)\\b[A-Z0-9-]{4,14}\\b",
    "keywords": [
      "promo",
      "discount",
      "voucher",
      "code",
      "coupon",
      "apply",
      "checkout"
    ]
  },
  "farfetch.com": {
    "roots": [
      "https://www.farfetch.com",
      "https://farfetch.com"
    ],
    "paths": [
      "/",
      "/sale",
      "/deals",
      "/promotions",
      "/promo",
      "/discount",
      "/voucher",
      "/vouchers",
      "/offers",
      "/coupons"
    ],
    "token_regex": "(?i)\\b[A-Z0-9-]{4,14}\\b",
    "keywords": [
      "promo",
      "discount",
      "voucher",
      "code",
      "coupon",
      "apply",
      "checkout"
    ]
  },
  "net-a-porter.com": {
    "roots": [
      "https://www.net-a-porter.com",
      "https://net-a-porter.com"
    ],
    "paths": [
      "/",
      "/sale",
      "/deals",
      "/promotions",
      "/promo",
      "/discount",
      "/voucher",
      "/vouchers",
      "/offers",
      "/coupons"
    ],
    "token_regex": "(?i)\\b[A-Z0-9-]{4,14}\\b",
    "keywords": [
      "promo",
      "discount",
      "voucher",
      "code",
      "coupon",
      "apply",
      "checkout"
    ]
  },
  "etsy.com": {
    "roots": [
      "https://www.etsy.com",
      "https://etsy.com"
    ],
    "paths": [
      "/",
      "/sale",
      "/deals",
      "/promotions",
      "/promo",
      "/discount",
      "/voucher",
      "/vouchers",
      "/offers",
      "/coupons"
    ],
    "token_regex": "(?i)\\b[A-Z0-9-]{4,14}\\b",
    "keywords": [
      "promo",
      "discount",
      "voucher",
      "code",
      "coupon",
      "apply",
      "checkout"
    ]
  },
  "ebay.com": {
    "roots": [
      "https://www.ebay.com",
      "https://ebay.com"
    ],
    "paths": [
      "/",
      "/sale",
      "/deals",
      "/promotions",
      "/promo",
      "/discount",
      "/voucher",
      "/vouchers",
      "/offers",
      "/coupons"
    ],
    "token_regex": "(?i)\\b[A-Z0-9-]{4,14}\\b",
    "keywords": [
      "promo",
      "discount",
      "voucher",
      "code",
      "coupon",
      "apply",
      "checkout"
    ]
  },
  "sephora.com": {
    "roots": [
      "https://www.sephora.com",
      "https://sephora.com"
    ],
    "paths": [
      "/",
      "/sale",
      "/deals",
      "/promotions",
      "/promo",
      "/discount",
      "/voucher",
      "/vouchers",
      "/offers",
      "/coupons"
    ],
    "token_regex": "(?i)\\b[A-Z0-9-]{4,14}\\b",
    "keywords": [
      "promo",
      "discount",
      "voucher",
      "code",
      "coupon",
      "apply",
      "checkout"
    ]
  },
  "ulta.com": {
    "roots": [
      "https://www.ulta.com",
      "https://ulta.com"
    ],
    "paths": [
      "/",
      "/sale",
      "/deals",
      "/promotions",
      "/promo",
      "/discount",
      "/voucher",
      "/vouchers",
      "/offers",
      "/coupons"
    ],
    "token_regex": "(?i)\\b[A-Z0-9-]{4,14}\\b",
    "keywords": [
      "promo",
      "discount",
      "voucher",
      "code",
      "coupon",
      "apply",
      "checkout"
    ]
  },
  "macys.com": {
    "roots": [
      "https://www.macys.com",
      "https://macys.com"
    ],
    "paths": [
      "/",
      "/sale",
      "/deals",
      "/promotions",
      "/promo",
      "/discount",
      "/voucher",
      "/vouchers",
      "/offers",
      "/coupons"
    ],
    "token_regex": "(?i)\\b[A-Z0-9-]{4,14}\\b",
    "keywords": [
      "promo",
      "discount",
      "voucher",
      "code",
      "coupon",
      "apply",
      "checkout"
    ]
  },
  "nordstrom.com": {
    "roots": [
      "https://www.nordstrom.com",
      "https://nordstrom.com"
    ],
    "paths": [
      "/",
      "/sale",
      "/deals",
      "/promotions",
      "/promo",
      "/discount",
      "/voucher",
      "/vouchers",
      "/offers",
      "/coupons"
    ],
    "token_regex": "(?i)\\b[A-Z0-9-]{4,14}\\b",
    "keywords": [
      "promo",
      "discount",
      "voucher",
      "code",
      "coupon",
      "apply",
      "checkout"
    ]
  },
  "bloomingdales.com": {
    "roots": [
      "https://www.bloomingdales.com",
      "https://bloomingdales.com"
    ],
    "paths": [
      "/",
      "/sale",
      "/deals",
      "/promotions",
      "/promo",
      "/discount",
      "/voucher",
      "/vouchers",
      "/offers",
      "/coupons"
    ],
    "token_regex": "(?i)\\b[A-Z0-9-]{4,14}\\b",
    "keywords": [
      "promo",
      "discount",
      "voucher",
      "code",
      "coupon",
      "apply",
      "checkout"
    ]
  },
  "kohls.com": {
    "roots": [
      "https://www.kohls.com",
      "https://kohls.com"
    ],
    "paths": [
      "/",
      "/sale",
      "/deals",
      "/promotions",
      "/promo",
      "/discount",
      "/voucher",
      "/vouchers",
      "/offers",
      "/coupons"
    ],
    "token_regex": "(?i)\\b[A-Z0-9-]{4,14}\\b",
    "keywords": [
      "promo",
      "discount",
      "voucher",
      "code",
      "coupon",
      "apply",
      "checkout"
    ]
  },
  "lowes.com": {
    "roots": [
      "https://www.lowes.com",
      "https://lowes.com"
    ],
    "paths": [
      "/",
      "/sale",
      "/deals",
      "/promotions",
      "/promo",
      "/discount",
      "/voucher",
      "/vouchers",
      "/offers",
      "/coupons"
    ],
    "token_regex": "(?i)\\b[A-Z0-9-]{4,14}\\b",
    "keywords": [
      "promo",
      "discount",
      "voucher",
      "code",
      "coupon",
      "apply",
      "checkout"
    ]
  },
  "homedepot.com": {
    "roots": [
      "https://www.homedepot.com",
      "https://homedepot.com"
    ],
    "paths": [
      "/",
      "/sale",
      "/deals",
      "/promotions",
      "/promo",
      "/discount",
      "/voucher",
      "/vouchers",
      "/offers",
      "/coupons"
    ],
    "token_regex": "(?i)\\b[A-Z0-9-]{4,14}\\b",
    "keywords": [
      "promo",
      "discount",
      "voucher",
      "code",
      "coupon",
      "apply",
      "checkout"
    ]
  },
  "ikea.com": {
    "roots": [
      "https://www.ikea.com",
      "https://ikea.com"
    ],
    "paths": [
      "/",
      "/sale",
      "/deals",
      "/promotions",
      "/promo",
      "/discount",
      "/voucher",
      "/vouchers",
      "/offers",
      "/coupons"
    ],
    "token_regex": "(?i)\\b[A-Z0-9-]{4,14}\\b",
    "keywords": [
      "promo",
      "discount",
      "voucher",
      "code",
      "coupon",
      "apply",
      "checkout"
    ]
  },
  "wayfair.com": {
    "roots": [
      "https://www.wayfair.com",
      "https://wayfair.com"
    ],
    "paths": [
      "/",
      "/sale",
      "/deals",
      "/promotions",
      "/promo",
      "/discount",
      "/voucher",
      "/vouchers",
      "/offers",
      "/coupons"
    ],
    "token_regex": "(?i)\\b[A-Z0-9-]{4,14}\\b",
    "keywords": [
      "promo",
      "discount",
      "voucher",
      "code",
      "coupon",
      "apply",
      "checkout"
    ]
  },
  "groupon.com": {
    "roots": [
      "https://www.groupon.com",
      "https://groupon.com"
    ],
    "paths": [
      "/",
      "/sale",
      "/deals",
      "/promotions",
      "/promo",
      "/discount",
      "/voucher",
      "/vouchers",
      "/offers",
      "/coupons"
    ],
    "token_regex": "(?i)\\b[A-Z0-9-]{4,14}\\b",
    "keywords": [
      "promo",
      "discount",
      "voucher",
      "code",
      "coupon",
      "apply",
      "checkout"
    ]
  },
  "booking.com": {
    "roots": [
      "https://www.booking.com",
      "https://booking.com"
    ],
    "paths": [
      "/",
      "/deals",
      "/city",
      "/regions",
      "/special-offers"
    ],
    "token_regex": "(?i)\\b[A-Z0-9-]{4,14}\\b",
    "keywords": [
      "promo",
      "discount",
      "voucher",
      "code",
      "coupon",
      "apply",
      "checkout"
    ]
  },
  "expedia.com": {
    "roots": [
      "https://www.expedia.com",
      "https://expedia.com"
    ],
    "paths": [
      "/",
      "/deals",
      "/coupons",
      "/packages",
      "/memberdeals"
    ],
    "token_regex": "(?i)\\b[A-Z0-9-]{4,14}\\b",
    "keywords": [
      "promo",
      "discount",
      "voucher",
      "code",
      "coupon",
      "apply",
      "checkout"
    ]
  },
  "hotels.com": {
    "roots": [
      "https://www.hotels.com",
      "https://hotels.com"
    ],
    "paths": [
      "/",
      "/deals",
      "/hotel-deals"
    ],
    "token_regex": "(?i)\\b[A-Z0-9-]{4,14}\\b",
    "keywords": [
      "promo",
      "discount",
      "voucher",
      "code",
      "coupon",
      "apply",
      "checkout"
    ]
  },
  "ryanair.com": {
    "roots": [
      "https://www.ryanair.com",
      "https://ryanair.com"
    ],
    "paths": [
      "/",
      "/gb/en/cheap-flights",
      "/gb/en/plan-trip/ryanair-discounts"
    ],
    "token_regex": "(?i)\\b[A-Z0-9-]{4,14}\\b",
    "keywords": [
      "promo",
      "discount",
      "voucher",
      "code",
      "coupon",
      "apply",
      "checkout"
    ]
  },
  "easyjet.com": {
    "roots": [
      "https://www.easyjet.com",
      "https://easyjet.com"
    ],
    "paths": [
      "/",
      "/en/deals",
      "/en/holidays/deals"
    ],
    "token_regex": "(?i)\\b[A-Z0-9-]{4,14}\\b",
    "keywords": [
      "promo",
      "discount",
      "voucher",
      "code",
      "coupon",
      "apply",
      "checkout"
    ]
  },
  "britishairways.com": {
    "roots": [
      "https://www.britishairways.com",
      "https://britishairways.com"
    ],
    "paths": [
      "/",
      "/travelinformation/sale-and-offers",
      "/holidays/deals"
    ],
    "token_regex": "(?i)\\b[A-Z0-9-]{4,14}\\b",
    "keywords": [
      "promo",
      "discount",
      "voucher",
      "code",
      "coupon",
      "apply",
      "checkout"
    ]
  },
  "newegg.com": {
    "roots": [
      "https://www.newegg.com",
      "https://newegg.com"
    ],
    "paths": [
      "/",
      "/sale",
      "/deals",
      "/promotions",
      "/promo",
      "/discount",
      "/voucher",
      "/vouchers",
      "/offers",
      "/coupons"
    ],
    "token_regex": "(?i)\\b[A-Z0-9-]{4,14}\\b",
    "keywords": [
      "promo",
      "discount",
      "voucher",
      "code",
      "coupon",
      "apply",
      "checkout"
    ]
  },
  "bhphotovideo.com": {
    "roots": [
      "https://www.bhphotovideo.com",
      "https://bhphotovideo.com"
    ],
    "paths": [
      "/",
      "/sale",
      "/deals",
      "/promotions",
      "/promo",
      "/discount",
      "/voucher",
      "/vouchers",
      "/offers",
      "/coupons"
    ],
    "token_regex": "(?i)\\b[A-Z0-9-]{4,14}\\b",
    "keywords": [
      "promo",
      "discount",
      "voucher",
      "code",
      "coupon",
      "apply",
      "checkout"
    ]
  },
  "microcenter.com": {
    "roots": [
      "https://www.microcenter.com",
      "https://microcenter.com"
    ],
    "paths": [
      "/",
      "/sale",
      "/deals",
      "/promotions",
      "/promo",
      "/discount",
      "/voucher",
      "/vouchers",
      "/offers",
      "/coupons"
    ],
    "token_regex": "(?i)\\b[A-Z0-9-]{4,14}\\b",
    "keywords": [
      "promo",
      "discount",
      "voucher",
      "code",
      "coupon",
      "apply",
      "checkout"
    ]
  },
  "game.co.uk": {
    "roots": [
      "https://www.game.co.uk",
      "https://game.co.uk"
    ],
    "paths": [
      "/",
      "/sale",
      "/deals",
      "/promotions",
      "/promo",
      "/discount",
      "/voucher",
      "/vouchers",
      "/offers",
      "/coupons"
    ],
    "token_regex": "(?i)\\b[A-Z0-9-]{4,14}\\b",
    "keywords": [
      "promo",
      "discount",
      "voucher",
      "code",
      "coupon",
      "apply",
      "checkout"
    ]
  },
  "gamestop.com": {
    "roots": [
      "https://www.gamestop.com",
      "https://gamestop.com"
    ],
    "paths": [
      "/",
      "/sale",
      "/deals",
      "/promotions",
      "/promo",
      "/discount",
      "/voucher",
      "/vouchers",
      "/offers",
      "/coupons"
    ],
    "token_regex": "(?i)\\b[A-Z0-9-]{4,14}\\b",
    "keywords": [
      "promo",
      "discount",
      "voucher",
      "code",
      "coupon",
      "apply",
      "checkout"
    ]
  },
  "store.steampowered.com": {
    "roots": [
      "https://www.store.steampowered.com",
      "https://store.steampowered.com"
    ],
    "paths": [
      "/",
      "/specials",
      "/sale"
    ],
    "token_regex": "(?i)\\b[A-Z0-9-]{4,14}\\b",
    "keywords": [
      "promo",
      "discount",
      "voucher",
      "code",
      "coupon",
      "apply",
      "checkout"
    ]
  },
  "epicgames.com": {
    "roots": [
      "https://www.epicgames.com",
      "https://epicgames.com"
    ],
    "paths": [
      "/",
      "/store/en-US/sales-and-specials"
    ],
    "token_regex": "(?i)\\b[A-Z0-9-]{4,14}\\b",
    "keywords": [
      "promo",
      "discount",
      "voucher",
      "code",
      "coupon",
      "apply",
      "checkout"
    ]
  },
  "deliveroo.co.uk": {
    "roots": [
      "https://www.deliveroo.co.uk",
      "https://deliveroo.co.uk"
    ],
    "paths": [
      "/",
      "/sale",
      "/deals",
      "/promotions",
      "/promo",
      "/discount",
      "/voucher",
      "/vouchers",
      "/offers",
      "/coupons"
    ],
    "token_regex": "(?i)\\b[A-Z0-9-]{4,14}\\b",
    "keywords": [
      "promo",
      "discount",
      "voucher",
      "code",
      "coupon",
      "apply",
      "checkout"
    ]
  },
  "ubereats.com": {
    "roots": [
      "https://www.ubereats.com",
      "https://ubereats.com"
    ],
    "paths": [
      "/",
      "/sale",
      "/deals",
      "/promotions",
      "/promo",
      "/discount",
      "/voucher",
      "/vouchers",
      "/offers",
      "/coupons"
    ],
    "token_regex": "(?i)\\b[A-Z0-9-]{4,14}\\b",
    "keywords": [
      "promo",
      "discount",
      "voucher",
      "code",
      "coupon",
      "apply",
      "checkout"
    ]
  },
  "doordash.com": {
    "roots": [
      "https://www.doordash.com",
      "https://doordash.com"
    ],
    "paths": [
      "/",
      "/sale",
      "/deals",
      "/promotions",
      "/promo",
      "/discount",
      "/voucher",
      "/vouchers",
      "/offers",
      "/coupons"
    ],
    "token_regex": "(?i)\\b[A-Z0-9-]{4,14}\\b",
    "keywords": [
      "promo",
      "discount",
      "voucher",
      "code",
      "coupon",
      "apply",
      "checkout"
    ]
  },
  "just-eat.co.uk": {
    "roots": [
      "https://www.just-eat.co.uk",
      "https://just-eat.co.uk"
    ],
    "paths": [
      "/",
      "/sale",
      "/deals",
      "/promotions",
      "/promo",
      "/discount",
      "/voucher",
      "/vouchers",
      "/offers",
      "/coupons"
    ],
    "token_regex": "(?i)\\b[A-Z0-9-]{4,14}\\b",
    "keywords": [
      "promo",
      "discount",
      "voucher",
      "code",
      "coupon",
      "apply",
      "checkout"
    ]
  },
  "dominos.co.uk": {
    "roots": [
      "https://www.dominos.co.uk",
      "https://dominos.co.uk"
    ],
    "paths": [
      "/",
      "/sale",
      "/deals",
      "/promotions",
      "/promo",
      "/discount",
      "/voucher",
      "/vouchers",
      "/offers",
      "/coupons"
    ],
    "token_regex": "(?i)\\b[A-Z0-9-]{4,14}\\b",
    "keywords": [
      "promo",
      "discount",
      "voucher",
      "code",
      "coupon",
      "apply",
      "checkout"
    ]
  },
  "patagonia.com": {
    "roots": [
      "https://www.patagonia.com",
      "https://patagonia.com"
    ],
    "paths": [
      "/",
      "/sale",
      "/deals",
      "/promotions",
      "/promo",
      "/discount",
      "/voucher",
      "/vouchers",
      "/offers",
      "/coupons"
    ],
    "token_regex": "(?i)\\b[A-Z0-9-]{4,14}\\b",
    "keywords": [
      "promo",
      "discount",
      "voucher",
      "code",
      "coupon",
      "apply",
      "checkout"
    ]
  },
  "thenorthface.com": {
    "roots": [
      "https://www.thenorthface.com",
      "https://thenorthface.com"
    ],
    "paths": [
      "/",
      "/sale",
      "/deals",
      "/promotions",
      "/promo",
      "/discount",
      "/voucher",
      "/vouchers",
      "/offers",
      "/coupons"
    ],
    "token_regex": "(?i)\\b[A-Z0-9-]{4,14}\\b",
    "keywords": [
      "promo",
      "discount",
      "voucher",
      "code",
      "coupon",
      "apply",
      "checkout"
    ]
  },
  "lululemon.co.uk": {
    "roots": [
      "https://www.lululemon.co.uk",
      "https://lululemon.co.uk"
    ],
    "paths": [
      "/",
      "/sale",
      "/deals",
      "/promotions",
      "/promo",
      "/discount",
      "/voucher",
      "/vouchers",
      "/offers",
      "/coupons"
    ],
    "token_regex": "(?i)\\b[A-Z0-9-]{4,14}\\b",
    "keywords": [
      "promo",
      "discount",
      "voucher",
      "code",
      "coupon",
      "apply",
      "checkout"
    ]
  },
  "footlocker.co.uk": {
    "roots": [
      "https://www.footlocker.co.uk",
      "https://footlocker.co.uk"
    ],
    "paths": [
      "/",
      "/sale",
      "/deals",
      "/promotions",
      "/promo",
      "/discount",
      "/voucher",
      "/vouchers",
      "/offers",
      "/coupons"
    ],
    "token_regex": "(?i)\\b[A-Z0-9-]{4,14}\\b",
    "keywords": [
      "promo",
      "discount",
      "voucher",
      "code",
      "coupon",
      "apply",
      "checkout"
    ]
  },
  "jdsports.co.uk": {
    "roots": [
      "https://www.jdsports.co.uk",
      "https://jdsports.co.uk"
    ],
    "paths": [
      "/",
      "/sale",
      "/deals",
      "/promotions",
      "/promo",
      "/discount",
      "/voucher",
      "/vouchers",
      "/offers",
      "/coupons"
    ],
    "token_regex": "(?i)\\b[A-Z0-9-]{4,14}\\b",
    "keywords": [
      "promo",
      "discount",
      "voucher",
      "code",
      "coupon",
      "apply",
      "checkout"
    ]
  },
  "newbalance.com": {
    "roots": [
      "https://www.newbalance.com",
      "https://newbalance.com"
    ],
    "paths": [
      "/",
      "/sale",
      "/deals",
      "/promotions",
      "/promo",
      "/discount",
      "/voucher",
      "/vouchers",
      "/offers",
      "/coupons"
    ],
    "token_regex": "(?i)\\b[A-Z0-9-]{4,14}\\b",
    "keywords": [
      "promo",
      "discount",
      "voucher",
      "code",
      "coupon",
      "apply",
      "checkout"
    ]
  },
  "puma.com": {
    "roots": [
      "https://www.puma.com",
      "https://puma.com"
    ],
    "paths": [
      "/",
      "/sale",
      "/deals",
      "/promotions",
      "/promo",
      "/discount",
      "/voucher",
      "/vouchers",
      "/offers",
      "/coupons"
    ],
    "token_regex": "(?i)\\b[A-Z0-9-]{4,14}\\b",
    "keywords": [
      "promo",
      "discount",
      "voucher",
      "code",
      "coupon",
      "apply",
      "checkout"
    ]
  },
  "reebok.com": {
    "roots": [
      "https://www.reebok.com",
      "https://reebok.com"
    ],
    "paths": [
      "/",
      "/sale",
      "/deals",
      "/promotions",
      "/promo",
      "/discount",
      "/voucher",
      "/vouchers",
      "/offers",
      "/coupons"
    ],
    "token_regex": "(?i)\\b[A-Z0-9-]{4,14}\\b",
    "keywords": [
      "promo",
      "discount",
      "voucher",
      "code",
      "coupon",
      "apply",
      "checkout"
    ]
  },
  "underarmour.com": {
    "roots": [
      "https://www.underarmour.com",
      "https://underarmour.com"
    ],
    "paths": [
      "/",
      "/sale",
      "/deals",
      "/promotions",
      "/promo",
      "/discount",
      "/voucher",
      "/vouchers",
      "/offers",
      "/coupons"
    ],
    "token_regex": "(?i)\\b[A-Z0-9-]{4,14}\\b",
    "keywords": [
      "promo",
      "discount",
      "voucher",
      "code",
      "coupon",
      "apply",
      "checkout"
    ]
  },
  "hoka.com": {
    "roots": [
      "https://www.hoka.com",
      "https://hoka.com"
    ],
    "paths": [
      "/",
      "/sale",
      "/deals",
      "/promotions",
      "/promo",
      "/discount",
      "/voucher",
      "/vouchers",
      "/offers",
      "/coupons"
    ],
    "token_regex": "(?i)\\b[A-Z0-9-]{4,14}\\b",
    "keywords": [
      "promo",
      "discount",
      "voucher",
      "code",
      "coupon",
      "apply",
      "checkout"
    ]
  },
  "skechers.com": {
    "roots": [
      "https://www.skechers.com",
      "https://skechers.com"
    ],
    "paths": [
      "/",
      "/sale",
      "/deals",
      "/promotions",
      "/promo",
      "/discount",
      "/voucher",
      "/vouchers",
      "/offers",
      "/coupons"
    ],
    "token_regex": "(?i)\\b[A-Z0-9-]{4,14}\\b",
    "keywords": [
      "promo",
      "discount",
      "voucher",
      "code",
      "coupon",
      "apply",
      "checkout"
    ]
  },
  "cosstores.com": {
    "roots": [
      "https://www.cosstores.com",
      "https://cosstores.com"
    ],
    "paths": [
      "/",
      "/sale",
      "/deals",
      "/promotions",
      "/promo",
      "/discount",
      "/voucher",
      "/vouchers",
      "/offers",
      "/coupons"
    ],
    "token_regex": "(?i)\\b[A-Z0-9-]{4,14}\\b",
    "keywords": [
      "promo",
      "discount",
      "voucher",
      "code",
      "coupon",
      "apply",
      "checkout"
    ]
  },
  "monki.com": {
    "roots": [
      "https://www.monki.com",
      "https://monki.com"
    ],
    "paths": [
      "/",
      "/sale",
      "/deals",
      "/promotions",
      "/promo",
      "/discount",
      "/voucher",
      "/vouchers",
      "/offers",
      "/coupons"
    ],
    "token_regex": "(?i)\\b[A-Z0-9-]{4,14}\\b",
    "keywords": [
      "promo",
      "discount",
      "voucher",
      "code",
      "coupon",
      "apply",
      "checkout"
    ]
  },
  "massimodutti.com": {
    "roots": [
      "https://www.massimodutti.com",
      "https://massimodutti.com"
    ],
    "paths": [
      "/",
      "/sale",
      "/deals",
      "/promotions",
      "/promo",
      "/discount",
      "/voucher",
      "/vouchers",
      "/offers",
      "/coupons"
    ],
    "token_regex": "(?i)\\b[A-Z0-9-]{4,14}\\b",
    "keywords": [
      "promo",
      "discount",
      "voucher",
      "code",
      "coupon",
      "apply",
      "checkout"
    ]
  },
  "pullandbear.com": {
    "roots": [
      "https://www.pullandbear.com",
      "https://pullandbear.com"
    ],
    "paths": [
      "/",
      "/sale",
      "/deals",
      "/promotions",
      "/promo",
      "/discount",
      "/voucher",
      "/vouchers",
      "/offers",
      "/coupons"
    ],
    "token_regex": "(?i)\\b[A-Z0-9-]{4,14}\\b",
    "keywords": [
      "promo",
      "discount",
      "voucher",
      "code",
      "coupon",
      "apply",
      "checkout"
    ]
  },
  "bershka.com": {
    "roots": [
      "https://www.bershka.com",
      "https://bershka.com"
    ],
    "paths": [
      "/",
      "/sale",
      "/deals",
      "/promotions",
      "/promo",
      "/discount",
      "/voucher",
      "/vouchers",
      "/offers",
      "/coupons"
    ],
    "token_regex": "(?i)\\b[A-Z0-9-]{4,14}\\b",
    "keywords": [
      "promo",
      "discount",
      "voucher",
      "code",
      "coupon",
      "apply",
      "checkout"
    ]
  },
  "stradivarius.com": {
    "roots": [
      "https://www.stradivarius.com",
      "https://stradivarius.com"
    ],
    "paths": [
      "/",
      "/sale",
      "/deals",
      "/promotions",
      "/promo",
      "/discount",
      "/voucher",
      "/vouchers",
      "/offers",
      "/coupons"
    ],
    "token_regex": "(?i)\\b[A-Z0-9-]{4,14}\\b",
    "keywords": [
      "promo",
      "discount",
      "voucher",
      "code",
      "coupon",
      "apply",
      "checkout"
    ]
  },
  "riverisland.com": {
    "roots": [
      "https://www.riverisland.com",
      "https://riverisland.com"
    ],
    "paths": [
      "/",
      "/sale",
      "/deals",
      "/promotions",
      "/promo",
      "/discount",
      "/voucher",
      "/vouchers",
      "/offers",
      "/coupons"
    ],
    "token_regex": "(?i)\\b[A-Z0-9-]{4,14}\\b",
    "keywords": [
      "promo",
      "discount",
      "voucher",
      "code",
      "coupon",
      "apply",
      "checkout"
    ]
  },
  "superdry.com": {
    "roots": [
      "https://www.superdry.com",
      "https://superdry.com"
    ],
    "paths": [
      "/",
      "/sale",
      "/deals",
      "/promotions",
      "/promo",
      "/discount",
      "/voucher",
      "/vouchers",
      "/offers",
      "/coupons"
    ],
    "token_regex": "(?i)\\b[A-Z0-9-]{4,14}\\b",
    "keywords": [
      "promo",
      "discount",
      "voucher",
      "code",
      "coupon",
      "apply",
      "checkout"
    ]
  },
  "c-and-a.com": {
    "roots": [
      "https://www.c-and-a.com",
      "https://c-and-a.com"
    ],
    "paths": [
      "/",
      "/sale",
      "/deals",
      "/promotions",
      "/promo",
      "/discount",
      "/voucher",
      "/vouchers",
      "/offers",
      "/coupons"
    ],
    "token_regex": "(?i)\\b[A-Z0-9-]{4,14}\\b",
    "keywords": [
      "promo",
      "discount",
      "voucher",
      "code",
      "coupon",
      "apply",
      "checkout"
    ]
  },
  "decathlon.com": {
    "roots": [
      "https://www.decathlon.com",
      "https://decathlon.com"
    ],
    "paths": [
      "/",
      "/sale",
      "/deals",
      "/promotions",
      "/promo",
      "/discount",
      "/voucher",
      "/vouchers",
      "/offers",
      "/coupons"
    ],
    "token_regex": "(?i)\\b[A-Z0-9-]{4,14}\\b",
    "keywords": [
      "promo",
      "discount",
      "voucher",
      "code",
      "coupon",
      "apply",
      "checkout"
    ]
  },
  "carrefour.fr": {
    "roots": [
      "https://www.carrefour.fr",
      "https://carrefour.fr"
    ],
    "paths": [
      "/",
      "/sale",
      "/deals",
      "/promotions",
      "/promo",
      "/discount",
      "/voucher",
      "/vouchers",
      "/offers",
      "/coupons"
    ],
    "token_regex": "(?i)\\b[A-Z0-9-]{4,14}\\b",
    "keywords": [
      "promo",
      "discount",
      "voucher",
      "code",
      "coupon",
      "apply",
      "checkout"
    ]
  },
  "laredoute.fr": {
    "roots": [
      "https://www.laredoute.fr",
      "https://laredoute.fr"
    ],
    "paths": [
      "/",
      "/sale",
      "/deals",
      "/promotions",
      "/promo",
      "/discount",
      "/voucher",
      "/vouchers",
      "/offers",
      "/coupons"
    ],
    "token_regex": "(?i)\\b[A-Z0-9-]{4,14}\\b",
    "keywords": [
      "promo",
      "discount",
      "voucher",
      "code",
      "coupon",
      "apply",
      "checkout"
    ]
  },
  "zalando.co.uk": {
    "roots": [
      "https://www.zalando.co.uk",
      "https://zalando.co.uk"
    ],
    "paths": [
      "/",
      "/sale",
      "/deals",
      "/promotions",
      "/promo",
      "/discount",
      "/voucher",
      "/vouchers",
      "/offers",
      "/coupons"
    ],
    "token_regex": "(?i)\\b[A-Z0-9-]{4,14}\\b",
    "keywords": [
      "promo",
      "discount",
      "voucher",
      "code",
      "coupon",
      "apply",
      "checkout"
    ]
  },
  "zalando.de": {
    "roots": [
      "https://www.zalando.de",
      "https://zalando.de"
    ],
    "paths": [
      "/",
      "/sale",
      "/deals",
      "/promotions",
      "/promo",
      "/discount",
      "/voucher",
      "/vouchers",
      "/offers",
      "/coupons"
    ],
    "token_regex": "(?i)\\b[A-Z0-9-]{4,14}\\b",
    "keywords": [
      "promo",
      "discount",
      "voucher",
      "code",
      "coupon",
      "apply",
      "checkout"
    ]
  },
  "fnac.com": {
    "roots": [
      "https://www.fnac.com",
      "https://fnac.com"
    ],
    "paths": [
      "/",
      "/sale",
      "/deals",
      "/promotions",
      "/promo",
      "/discount",
      "/voucher",
      "/vouchers",
      "/offers",
      "/coupons"
    ],
    "token_regex": "(?i)\\b[A-Z0-9-]{4,14}\\b",
    "keywords": [
      "promo",
      "discount",
      "voucher",
      "code",
      "coupon",
      "apply",
      "checkout"
    ]
  },
  "aliexpress.com": {
    "roots": [
      "https://www.aliexpress.com",
      "https://aliexpress.com"
    ],
    "paths": [
      "/",
      "/sale",
      "/deals",
      "/promotions",
      "/promo",
      "/discount",
      "/voucher",
      "/vouchers",
      "/offers",
      "/coupons"
    ],
    "token_regex": "(?i)\\b[A-Z0-9-]{4,14}\\b",
    "keywords": [
      "promo",
      "discount",
      "voucher",
      "code",
      "coupon",
      "apply",
      "checkout"
    ]
  },
  "banggood.com": {
    "roots": [
      "https://www.banggood.com",
      "https://banggood.com"
    ],
    "paths": [
      "/",
      "/sale",
      "/deals",
      "/promotions",
      "/promo",
      "/discount",
      "/voucher",
      "/vouchers",
      "/offers",
      "/coupons"
    ],
    "token_regex": "(?i)\\b[A-Z0-9-]{4,14}\\b",
    "keywords": [
      "promo",
      "discount",
      "voucher",
      "code",
      "coupon",
      "apply",
      "checkout"
    ]
  },
  "lenovo.com": {
    "roots": [
      "https://www.lenovo.com",
      "https://lenovo.com"
    ],
    "paths": [
      "/",
      "/sale",
      "/deals",
      "/promotions",
      "/promo",
      "/discount",
      "/voucher",
      "/vouchers",
      "/offers",
      "/coupons"
    ],
    "token_regex": "(?i)\\b[A-Z0-9-]{4,14}\\b",
    "keywords": [
      "promo",
      "discount",
      "voucher",
      "code",
      "coupon",
      "apply",
      "checkout"
    ]
  },
  "dell.com": {
    "roots": [
      "https://www.dell.com",
      "https://dell.com"
    ],
    "paths": [
      "/",
      "/sale",
      "/deals",
      "/promotions",
      "/promo",
      "/discount",
      "/voucher",
      "/vouchers",
      "/offers",
      "/coupons"
    ],
    "token_regex": "(?i)\\b[A-Z0-9-]{4,14}\\b",
    "keywords": [
      "promo",
      "discount",
      "voucher",
      "code",
      "coupon",
      "apply",
      "checkout"
    ]
  },
  "hp.com": {
    "roots": [
      "https://www.hp.com",
      "https://hp.com"
    ],
    "paths": [
      "/",
      "/sale",
      "/deals",
      "/promotions",
      "/promo",
      "/discount",
      "/voucher",
      "/vouchers",
      "/offers",
      "/coupons"
    ],
    "token_regex": "(?i)\\b[A-Z0-9-]{4,14}\\b",
    "keywords": [
      "promo",
      "discount",
      "voucher",
      "code",
      "coupon",
      "apply",
      "checkout"
    ]
  },
  "samsung.com": {
    "roots": [
      "https://www.samsung.com",
      "https://samsung.com"
    ],
    "paths": [
      "/",
      "/sale",
      "/deals",
      "/promotions",
      "/promo",
      "/discount",
      "/voucher",
      "/vouchers",
      "/offers",
      "/coupons"
    ],
    "token_regex": "(?i)\\b[A-Z0-9-]{4,14}\\b",
    "keywords": [
      "promo",
      "discount",
      "voucher",
      "code",
      "coupon",
      "apply",
      "checkout"
    ]
  },
  "sony.com": {
    "roots": [
      "https://www.sony.com",
      "https://sony.com"
    ],
    "paths": [
      "/",
      "/sale",
      "/deals",
      "/promotions",
      "/promo",
      "/discount",
      "/voucher",
      "/vouchers",
      "/offers",
      "/coupons"
    ],
    "token_regex": "(?i)\\b[A-Z0-9-]{4,14}\\b",
    "keywords": [
      "promo",
      "discount",
      "voucher",
      "code",
      "coupon",
      "apply",
      "checkout"
    ]
  },
  "hollisterco.com": {
    "roots": [
      "https://www.hollisterco.com",
      "https://hollisterco.com"
    ],
    "paths": [
      "/",
      "/sale",
      "/deals",
      "/promotions",
      "/promo",
      "/discount",
      "/voucher",
      "/vouchers",
      "/offers",
      "/coupons"
    ],
    "token_regex": "(?i)\\b[A-Z0-9-]{4,14}\\b",
    "keywords": [
      "promo",
      "discount",
      "voucher",
      "code",
      "coupon",
      "apply",
      "checkout"
    ]
  },
  "abercrombie.com": {
    "roots": [
      "https://www.abercrombie.com",
      "https://abercrombie.com"
    ],
    "paths": [
      "/",
      "/sale",
      "/deals",
      "/promotions",
      "/promo",
      "/discount",
      "/voucher",
      "/vouchers",
      "/offers",
      "/coupons"
    ],
    "token_regex": "(?i)\\b[A-Z0-9-]{4,14}\\b",
    "keywords": [
      "promo",
      "discount",
      "voucher",
      "code",
      "coupon",
      "apply",
      "checkout"
    ]
  }
}