{
  "tiers": {
    "tier1_hourly": {
      "interval_ms": 3600000,
      "domains": [
        "amazon.co.uk",
        "asos.com",
        "nike.com",
        "adidas.com",
        "zara.com",
        "hm.com",
        "boots.com",
        "currys.co.uk",
        "argos.co.uk",
        "johnlewis.com"
      ]
    },
    "tier2_6h": {
      "interval_ms": 21600000,
      "domains": [
        "tesco.com",
        "asda.com",
        "sainsburys.co.uk",
        "waitrose.com",
        "decathlon.co.uk",
        "sportsdirect.com",
        "marksandspencer.com",
        "next.co.uk",
        "uniqlo.com",
        "riverisland.com",
        "superdry.com",
        "zalando.co.uk",
        "zalando.de",
        "game.co.uk",
        "footlocker.co.uk",
        "jdsports.co.uk",
        "newbalance.com",
        "puma.com",
        "reebok.com",
        "underarmour.com"
      ]
    },
    "tier3_daily": {
      "interval_ms": 86400000,
      "domains": [
        "patagonia.com",
        "thenorthface.com",
        "hollisterco.com",
        "abercrombie.com",
        "cosstores.com",
        "monki.com",
        "massimodutti.com",
        "pullandbear.com",
        "bershka.com",
        "stradivarius.com",
        "c-and-a.com",
        "fnac.com",
        "lenovo.com",
        "dell.com",
        "hp.com",
        "samsung.com",
        "sony.com",
        "wayfair.com",
        "ikea.com",
        "bloomingdales.com",
        "macys.com"
      ]
    }
  },
  "per_domain_delay_ms": 7000,
  "limit_per_run": 50
}