{
  "platforms": {
    "generic": {
      "coupon": [
        "input[name*=\"coupon\"]",
        "input[name*=\"discount\"]",
        "input[name*=\"promo\"]",
        "#discount-code",
        "#coupon_code",
        "input[id*=\"coupon\"]",
        "input[id*=\"promo\"]",
        "input[id*=\"discount\"]",
        "input[placeholder*=\"promo\"]",
        "input[placeholder*=\"discount\"]"
      ],
      "apply": [
        "button[name*=\"apply\"]",
        "button[id*=\"apply\"]",
        "button[aria-label*=\"Apply\"]",
        "[data-test*=\"apply\"][role=\"button\"]",
        "[data-qa*=\"apply\"]",
        "button:has([data-icon*=\"arrow\"])"
      ],
      "total": [
        "[data-test*=\"total\"]",
        "[data-qa*=\"total\"]",
        "#order-total",
        ".order-total",
        "[aria-label*=\"Total\"]",
        ".grand-total",
        ".summary-total",
        ".cart-total",
        ".checkout-total",
        "[data-checkout-payment-due-target]",
        "[data-checkout-subtotal-price-target]"
      ],
      "scrape": {
        "paths": [
          "/",
          "/sale",
          "/offers",
          "/promo",
          "/promotions",
          "/discount",
          "/voucher",
          "/vouchers"
        ],
        "keywords": [
          "code",
          "coupon",
          "promo",
          "voucher",
          "discount",
          "offer",
          "save"
        ],
        "token_re": "[A-Z0-9][A-Z0-9\\-]{4,14}",
        "stop": [
          "PROMO",
          "COUPON",
          "VOUCHER",
          "DISCOUNT",
          "CODE",
          "APPLY",
          "SAVE",
          "OFF",
          "GET",
          "WITH",
          "FREE",
          "SHIPPING"
        ]
      }
    }
  },
  "retailers": [
    {
      "name": "amazon.co.uk",
      "domains": [
        "amazon.co.uk"
      ],
      "platform": "generic",
      "checkoutHints": [
        "checkout",
        "cart",
        "bag",
        "basket",
        "payment",
        "order"
      ],
      "scrape": {
        "paths": [
          "/",
          "/sale",
          "/offers",
          "/promo",
          "/promotions",
          "/discount",
          "/voucher",
          "/vouchers"
        ]
      }
    },
    {
      "name": "ebay.co.uk",
      "domains": [
        "ebay.co.uk"
      ],
      "platform": "generic",
      "checkoutHints": [
        "checkout",
        "cart",
        "bag",
        "basket",
        "payment",
        "order"
      ],
      "scrape": {
        "paths": [
          "/",
          "/sale",
          "/offers",
          "/promo",
          "/promotions",
          "/discount",
          "/voucher",
          "/vouchers"
        ]
      }
    },
    {
      "name": "tesco.com",
      "domains": [
        "tesco.com"
      ],
      "platform": "generic",
      "checkoutHints": [
        "checkout",
        "cart",
        "bag",
        "basket",
        "payment",
        "order"
      ],
      "scrape": {
        "paths": [
          "/",
          "/sale",
          "/offers",
          "/promo",
          "/promotions",
          "/discount",
          "/voucher",
          "/vouchers"
        ]
      }
    },
    {
      "name": "sainsburys.co.uk",
      "domains": [
        "sainsburys.co.uk"
      ],
      "platform": "generic",
      "checkoutHints": [
        "checkout",
        "cart",
        "bag",
        "basket",
        "payment",
        "order"
      ],
      "scrape": {
        "paths": [
          "/",
          "/sale",
          "/offers",
          "/promo",
          "/promotions",
          "/discount",
          "/voucher",
          "/vouchers"
        ]
      }
    },
    {
      "name": "asda.com",
      "domains": [
        "asda.com"
      ],
      "platform": "generic",
      "checkoutHints": [
        "checkout",
        "cart",
        "bag",
        "basket",
        "payment",
        "order"
      ],
      "scrape": {
        "paths": [
          "/",
          "/sale",
          "/offers",
          "/promo",
          "/promotions",
          "/discount",
          "/voucher",
          "/vouchers"
        ]
      }
    },
    {
      "name": "waitrose.com",
      "domains": [
        "waitrose.com"
      ],
      "platform": "generic",
      "checkoutHints": [
        "checkout",
        "cart",
        "bag",
        "basket",
        "payment",
        "order"
      ],
      "scrape": {
        "paths": [
          "/",
          "/sale",
          "/offers",
          "/promo",
          "/promotions",
          "/discount",
          "/voucher",
          "/vouchers"
        ]
      }
    },
    {
      "name": "ocado.com",
      "domains": [
        "ocado.com"
      ],
      "platform": "generic",
      "checkoutHints": [
        "checkout",
        "cart",
        "bag",
        "basket",
        "payment",
        "order"
      ],
      "scrape": {
        "paths": [
          "/",
          "/sale",
          "/offers",
          "/promo",
          "/promotions",
          "/discount",
          "/voucher",
          "/vouchers"
        ]
      }
    },
    {
      "name": "aldi.co.uk",
      "domains": [
        "aldi.co.uk"
      ],
      "platform": "generic",
      "checkoutHints": [
        "checkout",
        "cart",
        "bag",
        "basket",
        "payment",
        "order"
      ],
      "scrape": {
        "paths": [
          "/",
          "/sale",
          "/offers",
          "/promo",
          "/promotions",
          "/discount",
          "/voucher",
          "/vouchers"
        ]
      }
    },
    {
      "name": "lidl.co.uk",
      "domains": [
        "lidl.co.uk"
      ],
      "platform": "generic",
      "checkoutHints": [
        "checkout",
        "cart",
        "bag",
        "basket",
        "payment",
        "order"
      ],
      "scrape": {
        "paths": [
          "/",
          "/sale",
          "/offers",
          "/promo",
          "/promotions",
          "/discount",
          "/voucher",
          "/vouchers"
        ]
      }
    },
    {
      "name": "coop.co.uk",
      "domains": [
        "coop.co.uk"
      ],
      "platform": "generic",
      "checkoutHints": [
        "checkout",
        "cart",
        "bag",
        "basket",
        "payment",
        "order"
      ],
      "scrape": {
        "paths": [
          "/",
          "/sale",
          "/offers",
          "/promo",
          "/promotions",
          "/discount",
          "/voucher",
          "/vouchers"
        ]
      }
    },
    {
      "name": "argos.co.uk",
      "domains": [
        "argos.co.uk"
      ],
      "platform": "generic",
      "checkoutHints": [
        "checkout",
        "cart",
        "bag",
        "basket",
        "payment",
        "order"
      ],
      "scrape": {
        "paths": [
          "/",
          "/sale",
          "/offers",
          "/promo",
          "/promotions",
          "/discount",
          "/voucher",
          "/vouchers"
        ]
      }
    },
    {
      "name": "johnlewis.com",
      "domains": [
        "johnlewis.com"
      ],
      "platform": "generic",
      "checkoutHints": [
        "checkout",
        "cart",
        "bag",
        "basket",
        "payment",
        "order"
      ],
      "scrape": {
        "paths": [
          "/",
          "/sale",
          "/offers",
          "/promo",
          "/promotions",
          "/discount",
          "/voucher",
          "/vouchers"
        ]
      }
    },
    {
      "name": "marksandspencer.com",
      "domains": [
        "marksandspencer.com"
      ],
      "platform": "generic",
      "checkoutHints": [
        "checkout",
        "cart",
        "bag",
        "basket",
        "payment",
        "order"
      ],
      "scrape": {
        "paths": [
          "/",
          "/sale",
          "/offers",
          "/promo",
          "/promotions",
          "/discount",
          "/voucher",
          "/vouchers"
        ]
      }
    },
    {
      "name": "next.co.uk",
      "domains": [
        "next.co.uk"
      ],
      "platform": "generic",
      "checkoutHints": [
        "checkout",
        "cart",
        "bag",
        "basket",
        "payment",
        "order"
      ],
      "scrape": {
        "paths": [
          "/",
          "/sale",
          "/offers",
          "/promo",
          "/promotions",
          "/discount",
          "/voucher",
          "/vouchers"
        ]
      }
    },
    {
      "name": "asos.com",
      "domains": [
        "asos.com"
      ],
      "platform": "generic",
      "checkoutHints": [
        "checkout",
        "cart",
        "bag",
        "basket",
        "payment",
        "order"
      ],
      "scrape": {
        "paths": [
          "/",
          "/sale",
          "/offers",
          "/promo",
          "/promotions",
          "/discount",
          "/voucher",
          "/vouchers"
        ]
      }
    },
    {
      "name": "boohoo.com",
      "domains": [
        "boohoo.com"
      ],
      "platform": "generic",
      "checkoutHints": [
        "checkout",
        "cart",
        "bag",
        "basket",
        "payment",
        "order"
      ],
      "scrape": {
        "paths": [
          "/",
          "/sale",
          "/offers",
          "/promo",
          "/promotions",
          "/discount",
          "/voucher",
          "/vouchers"
        ]
      }
    },
    {
      "name": "prettylittlething.com",
      "domains": [
        "prettylittlething.com"
      ],
      "platform": "generic",
      "checkoutHints": [
        "checkout",
        "cart",
        "bag",
        "basket",
        "payment",
        "order"
      ],
      "scrape": {
        "paths": [
          "/",
          "/sale",
          "/offers",
          "/promo",
          "/promotions",
          "/discount",
          "/voucher",
          "/vouchers"
        ]
      }
    },
    {
      "name": "zara.com",
      "domains": [
        "zara.com"
      ],
      "platform": "generic",
      "checkoutHints": [
        "checkout",
        "cart",
        "bag",
        "basket",
        "payment",
        "order"
      ],
      "scrape": {
        "paths": [
          "/",
          "/sale",
          "/offers",
          "/promo",
          "/promotions",
          "/discount",
          "/voucher",
          "/vouchers"
        ]
      }
    },
    {
      "name": "hm.com",
      "domains": [
        "hm.com"
      ],
      "platform": "generic",
      "checkoutHints": [
        "checkout",
        "cart",
        "bag",
        "basket",
        "payment",
        "order"
      ],
      "scrape": {
        "paths": [
          "/",
          "/sale",
          "/offers",
          "/promo",
          "/promotions",
          "/discount",
          "/voucher",
          "/vouchers"
        ]
      }
    },
    {
      "name": "newlook.com",
      "domains": [
        "newlook.com"
      ],
      "platform": "generic",
      "checkoutHints": [
        "checkout",
        "cart",
        "bag",
        "basket",
        "payment",
        "order"
      ],
      "scrape": {
        "paths": [
          "/",
          "/sale",
          "/offers",
          "/promo",
          "/promotions",
          "/discount",
          "/voucher",
          "/vouchers"
        ]
      }
    },
    {
      "name": "riverisland.com",
      "domains": [
        "riverisland.com"
      ],
      "platform": "generic",
      "checkoutHints": [
        "checkout",
        "cart",
        "bag",
        "basket",
        "payment",
        "order"
      ],
      "scrape": {
        "paths": [
          "/",
          "/sale",
          "/offers",
          "/promo",
          "/promotions",
          "/discount",
          "/voucher",
          "/vouchers"
        ]
      }
    },
    {
      "name": "matalan.co.uk",
      "domains": [
        "matalan.co.uk"
      ],
      "platform": "generic",
      "checkoutHints": [
        "checkout",
        "cart",
        "bag",
        "basket",
        "payment",
        "order"
      ],
      "scrape": {
        "paths": [
          "/",
          "/sale",
          "/offers",
          "/promo",
          "/promotions",
          "/discount",
          "/voucher",
          "/vouchers"
        ]
      }
    },
    {
      "name": "sportsdirect.com",
      "domains": [
        "sportsdirect.com"
      ],
      "platform": "generic",
      "checkoutHints": [
        "checkout",
        "cart",
        "bag",
        "basket",
        "payment",
        "order"
      ],
      "scrape": {
        "paths": [
          "/",
          "/sale",
          "/offers",
          "/promo",
          "/promotions",
          "/discount",
          "/voucher",
          "/vouchers"
        ]
      }
    },
    {
      "name": "jdsports.co.uk",
      "domains": [
        "jdsports.co.uk"
      ],
      "platform": "generic",
      "checkoutHints": [
        "checkout",
        "cart",
        "bag",
        "basket",
        "payment",
        "order"
      ],
      "scrape": {
        "paths": [
          "/",
          "/sale",
          "/offers",
          "/promo",
          "/promotions",
          "/discount",
          "/voucher",
          "/vouchers"
        ]
      }
    },
    {
      "name": "decathlon.co.uk",
      "domains": [
        "decathlon.co.uk"
      ],
      "platform": "generic",
      "checkoutHints": [
        "checkout",
        "cart",
        "bag",
        "basket",
        "payment",
        "order"
      ],
      "scrape": {
        "paths": [
          "/",
          "/sale",
          "/offers",
          "/promo",
          "/promotions",
          "/discount",
          "/voucher",
          "/vouchers"
        ]
      }
    },
    {
      "name": "nike.com",
      "domains": [
        "nike.com"
      ],
      "platform": "generic",
      "checkoutHints": [
        "checkout",
        "cart",
        "bag",
        "basket",
        "payment",
        "order"
      ],
      "scrape": {
        "paths": [
          "/",
          "/sale",
          "/offers",
          "/promo",
          "/promotions",
          "/discount",
          "/voucher",
          "/vouchers"
        ]
      }
    },
    {
      "name": "adidas.co.uk",
      "domains": [
        "adidas.co.uk"
      ],
      "platform": "generic",
      "checkoutHints": [
        "checkout",
        "cart",
        "bag",
        "basket",
        "payment",
        "order"
      ],
      "scrape": {
        "paths": [
          "/",
          "/sale",
          "/offers",
          "/promo",
          "/promotions",
          "/discount",
          "/voucher",
          "/vouchers"
        ]
      }
    },
    {
      "name": "schuh.co.uk",
      "domains": [
        "schuh.co.uk"
      ],
      "platform": "generic",
      "checkoutHints": [
        "checkout",
        "cart",
        "bag",
        "basket",
        "payment",
        "order"
      ],
      "scrape": {
        "paths": [
          "/",
          "/sale",
          "/offers",
          "/promo",
          "/promotions",
          "/discount",
          "/voucher",
          "/vouchers"
        ]
      }
    },
    {
      "name": "office.co.uk",
      "domains": [
        "office.co.uk"
      ],
      "platform": "generic",
      "checkoutHints": [
        "checkout",
        "cart",
        "bag",
        "basket",
        "payment",
        "order"
      ],
      "scrape": {
        "paths": [
          "/",
          "/sale",
          "/offers",
          "/promo",
          "/promotions",
          "/discount",
          "/voucher",
          "/vouchers"
        ]
      }
    },
    {
      "name": "clarks.co.uk",
      "domains": [
        "clarks.co.uk"
      ],
      "platform": "generic",
      "checkoutHints": [
        "checkout",
        "cart",
        "bag",
        "basket",
        "payment",
        "order"
      ],
      "scrape": {
        "paths": [
          "/",
          "/sale",
          "/offers",
          "/promo",
          "/promotions",
          "/discount",
          "/voucher",
          "/vouchers"
        ]
      }
    },
    {
      "name": "selfridges.com",
      "domains": [
        "selfridges.com"
      ],
      "platform": "generic",
      "checkoutHints": [
        "checkout",
        "cart",
        "bag",
        "basket",
        "payment",
        "order"
      ],
      "scrape": {
        "paths": [
          "/",
          "/sale",
          "/offers",
          "/promo",
          "/promotions",
          "/discount",
          "/voucher",
          "/vouchers"
        ]
      }
    },
    {
      "name": "houseoffraser.co.uk",
      "domains": [
        "houseoffraser.co.uk"
      ],
      "platform": "generic",
      "checkoutHints": [
        "checkout",
        "cart",
        "bag",
        "basket",
        "payment",
        "order"
      ],
      "scrape": {
        "paths": [
          "/",
          "/sale",
          "/offers",
          "/promo",
          "/promotions",
          "/discount",
          "/voucher",
          "/vouchers"
        ]
      }
    },
    {
      "name": "flannels.com",
      "domains": [
        "flannels.com"
      ],
      "platform": "generic",
      "checkoutHints": [
        "checkout",
        "cart",
        "bag",
        "basket",
        "payment",
        "order"
      ],
      "scrape": {
        "paths": [
          "/",
          "/sale",
          "/offers",
          "/promo",
          "/promotions",
          "/discount",
          "/voucher",
          "/vouchers"
        ]
      }
    },
    {
      "name": "debenhams.com",
      "domains": [
        "debenhams.com"
      ],
      "platform": "generic",
      "checkoutHints": [
        "checkout",
        "cart",
        "bag",
        "basket",
        "payment",
        "order"
      ],
      "scrape": {
        "paths": [
          "/",
          "/sale",
          "/offers",
          "/promo",
          "/promotions",
          "/discount",
          "/voucher",
          "/vouchers"
        ]
      }
    },
    {
      "name": "harveynichols.com",
      "domains": [
        "harveynichols.com"
      ],
      "platform": "generic",
      "checkoutHints": [
        "checkout",
        "cart",
        "bag",
        "basket",
        "payment",
        "order"
      ],
      "scrape": {
        "paths": [
          "/",
          "/sale",
          "/offers",
          "/promo",
          "/promotions",
          "/discount",
          "/voucher",
          "/vouchers"
        ]
      }
    },
    {
      "name": "waterstones.com",
      "domains": [
        "waterstones.com"
      ],
      "platform": "generic",
      "checkoutHints": [
        "checkout",
        "cart",
        "bag",
        "basket",
        "payment",
        "order"
      ],
      "scrape": {
        "paths": [
          "/",
          "/sale",
          "/offers",
          "/promo",
          "/promotions",
          "/discount",
          "/voucher",
          "/vouchers"
        ]
      }
    },
    {
      "name": "whsmith.co.uk",
      "domains": [
        "whsmith.co.uk"
      ],
      "platform": "generic",
      "checkoutHints": [
        "checkout",
        "cart",
        "bag",
        "basket",
        "payment",
        "order"
      ],
      "scrape": {
        "paths": [
          "/",
          "/sale",
          "/offers",
          "/promo",
          "/promotions",
          "/discount",
          "/voucher",
          "/vouchers"
        ]
      }
    },
    {
      "name": "ryman.co.uk",
      "domains": [
        "ryman.co.uk"
      ],
      "platform": "generic",
      "checkoutHints": [
        "checkout",
        "cart",
        "bag",
        "basket",
        "payment",
        "order"
      ],
      "scrape": {
        "paths": [
          "/",
          "/sale",
          "/offers",
          "/promo",
          "/promotions",
          "/discount",
          "/voucher",
          "/vouchers"
        ]
      }
    },
    {
      "name": "theworks.co.uk",
      "domains": [
        "theworks.co.uk"
      ],
      "platform": "generic",
      "checkoutHints": [
        "checkout",
        "cart",
        "bag",
        "basket",
        "payment",
        "order"
      ],
      "scrape": {
        "paths": [
          "/",
          "/sale",
          "/offers",
          "/promo",
          "/promotions",
          "/discount",
          "/voucher",
          "/vouchers"
        ]
      }
    },
    {
      "name": "lakeland.co.uk",
      "domains": [
        "lakeland.co.uk"
      ],
      "platform": "generic",
      "checkoutHints": [
        "checkout",
        "cart",
        "bag",
        "basket",
        "payment",
        "order"
      ],
      "scrape": {
        "paths": [
          "/",
          "/sale",
          "/offers",
          "/promo",
          "/promotions",
          "/discount",
          "/voucher",
          "/vouchers"
        ]
      }
    },
    {
      "name": "boots.com",
      "domains": [
        "boots.com"
      ],
      "platform": "generic",
      "checkoutHints": [
        "checkout",
        "cart",
        "bag",
        "basket",
        "payment",
        "order"
      ],
      "scrape": {
        "paths": [
          "/",
          "/sale",
          "/offers",
          "/promo",
          "/promotions",
          "/discount",
          "/voucher",
          "/vouchers"
        ]
      }
    },
    {
      "name": "superdrug.com",
      "domains": [
        "superdrug.com"
      ],
      "platform": "generic",
      "checkoutHints": [
        "checkout",
        "cart",
        "bag",
        "basket",
        "payment",
        "order"
      ],
      "scrape": {
        "paths": [
          "/",
          "/sale",
          "/offers",
          "/promo",
          "/promotions",
          "/discount",
          "/voucher",
          "/vouchers"
        ]
      }
    },
    {
      "name": "hollandandbarrett.com",
      "domains": [
        "hollandandbarrett.com"
      ],
      "platform": "generic",
      "checkoutHints": [
        "checkout",
        "cart",
        "bag",
        "basket",
        "payment",
        "order"
      ],
      "scrape": {
        "paths": [
          "/",
          "/sale",
          "/offers",
          "/promo",
          "/promotions",
          "/discount",
          "/voucher",
          "/vouchers"
        ]
      }
    },
    {
      "name": "thebodyshop.com",
      "domains": [
        "thebodyshop.com"
      ],
      "platform": "generic",
      "checkoutHints": [
        "checkout",
        "cart",
        "bag",
        "basket",
        "payment",
        "order"
      ],
      "scrape": {
        "paths": [
          "/",
          "/sale",
          "/offers",
          "/promo",
          "/promotions",
          "/discount",
          "/voucher",
          "/vouchers"
        ]
      }
    },
    {
      "name": "lush.com",
      "domains": [
        "lush.com"
      ],
      "platform": "generic",
      "checkoutHints": [
        "checkout",
        "cart",
        "bag",
        "basket",
        "payment",
        "order"
      ],
      "scrape": {
        "paths": [
          "/",
          "/sale",
          "/offers",
          "/promo",
          "/promotions",
          "/discount",
          "/voucher",
          "/vouchers"
        ]
      }
    },
    {
      "name": "currys.co.uk",
      "domains": [
        "currys.co.uk"
      ],
      "platform": "generic",
      "checkoutHints": [
        "checkout",
        "cart",
        "bag",
        "basket",
        "payment",
        "order"
      ],
      "scrape": {
        "paths": [
          "/",
          "/sale",
          "/offers",
          "/promo",
          "/promotions",
          "/discount",
          "/voucher",
          "/vouchers"
        ]
      }
    },
    {
      "name": "ao.com",
      "domains": [
        "ao.com"
      ],
      "platform": "generic",
      "checkoutHints": [
        "checkout",
        "cart",
        "bag",
        "basket",
        "payment",
        "order"
      ],
      "scrape": {
        "paths": [
          "/",
          "/sale",
          "/offers",
          "/promo",
          "/promotions",
          "/discount",
          "/voucher",
          "/vouchers"
        ]
      }
    },
    {
      "name": "apple.com",
      "domains": [
        "apple.com"
      ],
      "platform": "generic",
      "checkoutHints": [
        "checkout",
        "cart",
        "bag",
        "basket",
        "payment",
        "order"
      ],
      "scrape": {
        "paths": [
          "/",
          "/sale",
          "/offers",
          "/promo",
          "/promotions",
          "/discount",
          "/voucher",
          "/vouchers"
        ]
      }
    },
    {
      "name": "samsung.com",
      "domains": [
        "samsung.com"
      ],
      "platform": "generic",
      "checkoutHints": [
        "checkout",
        "cart",
        "bag",
        "basket",
        "payment",
        "order"
      ],
      "scrape": {
        "paths": [
          "/",
          "/sale",
          "/offers",
          "/promo",
          "/promotions",
          "/discount",
          "/voucher",
          "/vouchers"
        ]
      }
    },
    {
      "name": "ebuyer.com",
      "domains": [
        "ebuyer.com"
      ],
      "platform": "generic",
      "checkoutHints": [
        "checkout",
        "cart",
        "bag",
        "basket",
        "payment",
        "order"
      ],
      "scrape": {
        "paths": [
          "/",
          "/sale",
          "/offers",
          "/promo",
          "/promotions",
          "/discount",
          "/voucher",
          "/vouchers"
        ]
      }
    },
    {
      "name": "scan.co.uk",
      "domains": [
        "scan.co.uk"
      ],
      "platform": "generic",
      "checkoutHints": [
        "checkout",
        "cart",
        "bag",
        "basket",
        "payment",
        "order"
      ],
      "scrape": {
        "paths": [
          "/",
          "/sale",
          "/offers",
          "/promo",
          "/promotions",
          "/discount",
          "/voucher",
          "/vouchers"
        ]
      }
    },
    {
      "name": "box.co.uk",
      "domains": [
        "box.co.uk"
      ],
      "platform": "generic",
      "checkoutHints": [
        "checkout",
        "cart",
        "bag",
        "basket",
        "payment",
        "order"
      ],
      "scrape": {
        "paths": [
          "/",
          "/sale",
          "/offers",
          "/promo",
          "/promotions",
          "/discount",
          "/voucher",
          "/vouchers"
        ]
      }
    },
    {
      "name": "ikea.com",
      "domains": [
        "ikea.com"
      ],
      "platform": "generic",
      "checkoutHints": [
        "checkout",
        "cart",
        "bag",
        "basket",
        "payment",
        "order"
      ],
      "scrape": {
        "paths": [
          "/",
          "/sale",
          "/offers",
          "/promo",
          "/promotions",
          "/discount",
          "/voucher",
          "/vouchers"
        ]
      }
    },
    {
      "name": "diy.com",
      "domains": [
        "diy.com"
      ],
      "platform": "generic",
      "checkoutHints": [
        "checkout",
        "cart",
        "bag",
        "basket",
        "payment",
        "order"
      ],
      "scrape": {
        "paths": [
          "/",
          "/sale",
          "/offers",
          "/promo",
          "/promotions",
          "/discount",
          "/voucher",
          "/vouchers"
        ]
      }
    },
    {
      "name": "screwfix.com",
      "domains": [
        "screwfix.com"
      ],
      "platform": "generic",
      "checkoutHints": [
        "checkout",
        "cart",
        "bag",
        "basket",
        "payment",
        "order"
      ],
      "scrape": {
        "paths": [
          "/",
          "/sale",
          "/offers",
          "/promo",
          "/promotions",
          "/discount",
          "/voucher",
          "/vouchers"
        ]
      }
    },
    {
      "name": "wickes.co.uk",
      "domains": [
        "wickes.co.uk"
      ],
      "platform": "generic",
      "checkoutHints": [
        "checkout",
        "cart",
        "bag",
        "basket",
        "payment",
        "order"
      ],
      "scrape": {
        "paths": [
          "/",
          "/sale",
          "/offers",
          "/promo",
          "/promotions",
          "/discount",
          "/voucher",
          "/vouchers"
        ]
      }
    },
    {
      "name": "dunelm.com",
      "domains": [
        "dunelm.com"
      ],
      "platform": "generic",
      "checkoutHints": [
        "checkout",
        "cart",
        "bag",
        "basket",
        "payment",
        "order"
      ],
      "scrape": {
        "paths": [
          "/",
          "/sale",
          "/offers",
          "/promo",
          "/promotions",
          "/discount",
          "/voucher",
          "/vouchers"
        ]
      }
    },
    {
      "name": "homebase.co.uk",
      "domains": [
        "homebase.co.uk"
      ],
      "platform": "generic",
      "checkoutHints": [
        "checkout",
        "cart",
        "bag",
        "basket",
        "payment",
        "order"
      ],
      "scrape": {
        "paths": [
          "/",
          "/sale",
          "/offers",
          "/promo",
          "/promotions",
          "/discount",
          "/voucher",
          "/vouchers"
        ]
      }
    },
    {
      "name": "toolstation.com",
      "domains": [
        "toolstation.com"
      ],
      "platform": "generic",
      "checkoutHints": [
        "checkout",
        "cart",
        "bag",
        "basket",
        "payment",
        "order"
      ],
      "scrape": {
        "paths": [
          "/",
          "/sale",
          "/offers",
          "/promo",
          "/promotions",
          "/discount",
          "/voucher",
          "/vouchers"
        ]
      }
    },
    {
      "name": "wayfair.co.uk",
      "domains": [
        "wayfair.co.uk"
      ],
      "platform": "generic",
      "checkoutHints": [
        "checkout",
        "cart",
        "bag",
        "basket",
        "payment",
        "order"
      ],
      "scrape": {
        "paths": [
          "/",
          "/sale",
          "/offers",
          "/promo",
          "/promotions",
          "/discount",
          "/voucher",
          "/vouchers"
        ]
      }
    },
    {
      "name": "wilko.com",
      "domains": [
        "wilko.com"
      ],
      "platform": "generic",
      "checkoutHints": [
        "checkout",
        "cart",
        "bag",
        "basket",
        "payment",
        "order"
      ],
      "scrape": {
        "paths": [
          "/",
          "/sale",
          "/offers",
          "/promo",
          "/promotions",
          "/discount",
          "/voucher",
          "/vouchers"
        ]
      }
    },
    {
      "name": "very.co.uk",
      "domains": [
        "very.co.uk"
      ],
      "platform": "generic",
      "checkoutHints": [
        "checkout",
        "cart",
        "bag",
        "basket",
        "payment",
        "order"
      ],
      "scrape": {
        "paths": [
          "/",
          "/sale",
          "/offers",
          "/promo",
          "/promotions",
          "/discount",
          "/voucher",
          "/vouchers"
        ]
      }
    },
    {
      "name": "habitat.co.uk",
      "domains": [
        "habitat.co.uk"
      ],
      "platform": "generic",
      "checkoutHints": [
        "checkout",
        "cart",
        "bag",
        "basket",
        "payment",
        "order"
      ],
      "scrape": {
        "paths": [
          "/",
          "/sale",
          "/offers",
          "/promo",
          "/promotions",
          "/discount",
          "/voucher",
          "/vouchers"
        ]
      }
    },
    {
      "name": "barkerandstonehouse.co.uk",
      "domains": [
        "barkerandstonehouse.co.uk"
      ],
      "platform": "generic",
      "checkoutHints": [
        "checkout",
        "cart",
        "bag",
        "basket",
        "payment",
        "order"
      ],
      "scrape": {
        "paths": [
          "/",
          "/sale",
          "/offers",
          "/promo",
          "/promotions",
          "/discount",
          "/voucher",
          "/vouchers"
        ]
      }
    },
    {
      "name": "oka.com",
      "domains": [
        "oka.com"
      ],
      "platform": "generic",
      "checkoutHints": [
        "checkout",
        "cart",
        "bag",
        "basket",
        "payment",
        "order"
      ],
      "scrape": {
        "paths": [
          "/",
          "/sale",
          "/offers",
          "/promo",
          "/promotions",
          "/discount",
          "/voucher",
          "/vouchers"
        ]
      }
    },
    {
      "name": "loaf.com",
      "domains": [
        "loaf.com"
      ],
      "platform": "generic",
      "checkoutHints": [
        "checkout",
        "cart",
        "bag",
        "basket",
        "payment",
        "order"
      ],
      "scrape": {
        "paths": [
          "/",
          "/sale",
          "/offers",
          "/promo",
          "/promotions",
          "/discount",
          "/voucher",
          "/vouchers"
        ]
      }
    },
    {
      "name": "dfs.co.uk",
      "domains": [
        "dfs.co.uk"
      ],
      "platform": "generic",
      "checkoutHints": [
        "checkout",
        "cart",
        "bag",
        "basket",
        "payment",
        "order"
      ],
      "scrape": {
        "paths": [
          "/",
          "/sale",
          "/offers",
          "/promo",
          "/promotions",
          "/discount",
          "/voucher",
          "/vouchers"
        ]
      }
    },
    {
      "name": "sofa.com",
      "domains": [
        "sofa.com"
      ],
      "platform": "generic",
      "checkoutHints": [
        "checkout",
        "cart",
        "bag",
        "basket",
        "payment",
        "order"
      ],
      "scrape": {
        "paths": [
          "/",
          "/sale",
          "/offers",
          "/promo",
          "/promotions",
          "/discount",
          "/voucher",
          "/vouchers"
        ]
      }
    },
    {
      "name": "therange.co.uk",
      "domains": [
        "therange.co.uk"
      ],
      "platform": "generic",
      "checkoutHints": [
        "checkout",
        "cart",
        "bag",
        "basket",
        "payment",
        "order"
      ],
      "scrape": {
        "paths": [
          "/",
          "/sale",
          "/offers",
          "/promo",
          "/promotions",
          "/discount",
          "/voucher",
          "/vouchers"
        ]
      }
    },
    {
      "name": "notonthehighstreet.com",
      "domains": [
        "notonthehighstreet.com"
      ],
      "platform": "generic",
      "checkoutHints": [
        "checkout",
        "cart",
        "bag",
        "basket",
        "payment",
        "order"
      ],
      "scrape": {
        "paths": [
          "/",
          "/sale",
          "/offers",
          "/promo",
          "/promotions",
          "/discount",
          "/voucher",
          "/vouchers"
        ]
      }
    },
    {
      "name": "etsy.com",
      "domains": [
        "etsy.com"
      ],
      "platform": "generic",
      "checkoutHints": [
        "checkout",
        "cart",
        "bag",
        "basket",
        "payment",
        "order"
      ],
      "scrape": {
        "paths": [
          "/",
          "/sale",
          "/offers",
          "/promo",
          "/promotions",
          "/discount",
          "/voucher",
          "/vouchers"
        ]
      }
    },
    {
      "name": "smythstoys.com",
      "domains": [
        "smythstoys.com"
      ],
      "platform": "generic",
      "checkoutHints": [
        "checkout",
        "cart",
        "bag",
        "basket",
        "payment",
        "order"
      ],
      "scrape": {
        "paths": [
          "/",
          "/sale",
          "/offers",
          "/promo",
          "/promotions",
          "/discount",
          "/voucher",
          "/vouchers"
        ]
      }
    },
    {
      "name": "thetoyshop.com",
      "domains": [
        "thetoyshop.com"
      ],
      "platform": "generic",
      "checkoutHints": [
        "checkout",
        "cart",
        "bag",
        "basket",
        "payment",
        "order"
      ],
      "scrape": {
        "paths": [
          "/",
          "/sale",
          "/offers",
          "/promo",
          "/promotions",
          "/discount",
          "/voucher",
          "/vouchers"
        ]
      }
    },
    {
      "name": "petsathome.com",
      "domains": [
        "petsathome.com"
      ],
      "platform": "generic",
      "checkoutHints": [
        "checkout",
        "cart",
        "bag",
        "basket",
        "payment",
        "order"
      ],
      "scrape": {
        "paths": [
          "/",
          "/sale",
          "/offers",
          "/promo",
          "/promotions",
          "/discount",
          "/voucher",
          "/vouchers"
        ]
      }
    },
    {
      "name": "zooplus.co.uk",
      "domains": [
        "zooplus.co.uk"
      ],
      "platform": "generic",
      "checkoutHints": [
        "checkout",
        "cart",
        "bag",
        "basket",
        "payment",
        "order"
      ],
      "scrape": {
        "paths": [
          "/",
          "/sale",
          "/offers",
          "/promo",
          "/promotions",
          "/discount",
          "/voucher",
          "/vouchers"
        ]
      }
    },
    {
      "name": "gooutdoors.co.uk",
      "domains": [
        "gooutdoors.co.uk"
      ],
      "platform": "generic",
      "checkoutHints": [
        "checkout",
        "cart",
        "bag",
        "basket",
        "payment",
        "order"
      ],
      "scrape": {
        "paths": [
          "/",
          "/sale",
          "/offers",
          "/promo",
          "/promotions",
          "/discount",
          "/voucher",
          "/vouchers"
        ]
      }
    },
    {
      "name": "mountainwarehouse.com",
      "domains": [
        "mountainwarehouse.com"
      ],
      "platform": "generic",
      "checkoutHints": [
        "checkout",
        "cart",
        "bag",
        "basket",
        "payment",
        "order"
      ],
      "scrape": {
        "paths": [
          "/",
          "/sale",
          "/offers",
          "/promo",
          "/promotions",
          "/discount",
          "/voucher",
          "/vouchers"
        ]
      }
    },
    {
      "name": "cotswoldoutdoor.com",
      "domains": [
        "cotswoldoutdoor.com"
      ],
      "platform": "generic",
      "checkoutHints": [
        "checkout",
        "cart",
        "bag",
        "basket",
        "payment",
        "order"
      ],
      "scrape": {
        "paths": [
          "/",
          "/sale",
          "/offers",
          "/promo",
          "/promotions",
          "/discount",
          "/voucher",
          "/vouchers"
        ]
      }
    },
    {
      "name": "halfords.com",
      "domains": [
        "halfords.com"
      ],
      "platform": "generic",
      "checkoutHints": [
        "checkout",
        "cart",
        "bag",
        "basket",
        "payment",
        "order"
      ],
      "scrape": {
        "paths": [
          "/",
          "/sale",
          "/offers",
          "/promo",
          "/promotions",
          "/discount",
          "/voucher",
          "/vouchers"
        ]
      }
    },
    {
      "name": "eurocarparts.com",
      "domains": [
        "eurocarparts.com"
      ],
      "platform": "generic",
      "checkoutHints": [
        "checkout",
        "cart",
        "bag",
        "basket",
        "payment",
        "order"
      ],
      "scrape": {
        "paths": [
          "/",
          "/sale",
          "/offers",
          "/promo",
          "/promotions",
          "/discount",
          "/voucher",
          "/vouchers"
        ]
      }
    },
    {
      "name": "watches-of-switzerland.co.uk",
      "domains": [
        "watches-of-switzerland.co.uk"
      ],
      "platform": "generic",
      "checkoutHints": [
        "checkout",
        "cart",
        "bag",
        "basket",
        "payment",
        "order"
      ],
      "scrape": {
        "paths": [
          "/",
          "/sale",
          "/offers",
          "/promo",
          "/promotions",
          "/discount",
          "/voucher",
          "/vouchers"
        ]
      }
    },
    {
      "name": "goldsmiths.co.uk",
      "domains": [
        "goldsmiths.co.uk"
      ],
      "platform": "generic",
      "checkoutHints": [
        "checkout",
        "cart",
        "bag",
        "basket",
        "payment",
        "order"
      ],
      "scrape": {
        "paths": [
          "/",
          "/sale",
          "/offers",
          "/promo",
          "/promotions",
          "/discount",
          "/voucher",
          "/vouchers"
        ]
      }
    },
    {
      "name": "swarovski.com",
      "domains": [
        "swarovski.com"
      ],
      "platform": "generic",
      "checkoutHints": [
        "checkout",
        "cart",
        "bag",
        "basket",
        "payment",
        "order"
      ],
      "scrape": {
        "paths": [
          "/",
          "/sale",
          "/offers",
          "/promo",
          "/promotions",
          "/discount",
          "/voucher",
          "/vouchers"
        ]
      }
    },
    {
      "name": "uk.pandora.net",
      "domains": [
        "uk.pandora.net"
      ],
      "platform": "generic",
      "checkoutHints": [
        "checkout",
        "cart",
        "bag",
        "basket",
        "payment",
        "order"
      ],
      "scrape": {
        "paths": [
          "/",
          "/sale",
          "/offers",
          "/promo",
          "/promotions",
          "/discount",
          "/voucher",
          "/vouchers"
        ]
      }
    },
    {
      "name": "fragrancedirect.co.uk",
      "domains": [
        "fragrancedirect.co.uk"
      ],
      "platform": "generic",
      "checkoutHints": [
        "checkout",
        "cart",
        "bag",
        "basket",
        "payment",
        "order"
      ],
      "scrape": {
        "paths": [
          "/",
          "/sale",
          "/offers",
          "/promo",
          "/promotions",
          "/discount",
          "/voucher",
          "/vouchers"
        ]
      }
    },
    {
      "name": "lookfantastic.com",
      "domains": [
        "lookfantastic.com"
      ],
      "platform": "generic",
      "checkoutHints": [
        "checkout",
        "cart",
        "bag",
        "basket",
        "payment",
        "order"
      ],
      "scrape": {
        "paths": [
          "/",
          "/sale",
          "/offers",
          "/promo",
          "/promotions",
          "/discount",
          "/voucher",
          "/vouchers"
        ]
      }
    },
    {
      "name": "cultbeauty.co.uk",
      "domains": [
        "cultbeauty.co.uk"
      ],
      "platform": "generic",
      "checkoutHints": [
        "checkout",
        "cart",
        "bag",
        "basket",
        "payment",
        "order"
      ],
      "scrape": {
        "paths": [
          "/",
          "/sale",
          "/offers",
          "/promo",
          "/promotions",
          "/discount",
          "/voucher",
          "/vouchers"
        ]
      }
    },
    {
      "name": "feelunique.com",
      "domains": [
        "feelunique.com"
      ],
      "platform": "generic",
      "checkoutHints": [
        "checkout",
        "cart",
        "bag",
        "basket",
        "payment",
        "order"
      ],
      "scrape": {
        "paths": [
          "/",
          "/sale",
          "/offers",
          "/promo",
          "/promotions",
          "/discount",
          "/voucher",
          "/vouchers"
        ]
      }
    },
    {
      "name": "spacenk.com",
      "domains": [
        "spacenk.com"
      ],
      "platform": "generic",
      "checkoutHints": [
        "checkout",
        "cart",
        "bag",
        "basket",
        "payment",
        "order"
      ],
      "scrape": {
        "paths": [
          "/",
          "/sale",
          "/offers",
          "/promo",
          "/promotions",
          "/discount",
          "/voucher",
          "/vouchers"
        ]
      }
    },
    {
      "name": "zalando.co.uk",
      "domains": [
        "zalando.co.uk"
      ],
      "platform": "generic",
      "checkoutHints": [
        "checkout",
        "cart",
        "bag",
        "basket",
        "payment",
        "order"
      ],
      "scrape": {
        "paths": [
          "/",
          "/sale",
          "/offers",
          "/promo",
          "/promotions",
          "/discount",
          "/voucher",
          "/vouchers"
        ]
      }
    },
    {
      "name": "uniqlo.com",
      "domains": [
        "uniqlo.com"
      ],
      "platform": "generic",
      "checkoutHints": [
        "checkout",
        "cart",
        "bag",
        "basket",
        "payment",
        "order"
      ],
      "scrape": {
        "paths": [
          "/",
          "/sale",
          "/offers",
          "/promo",
          "/promotions",
          "/discount",
          "/voucher",
          "/vouchers"
        ]
      }
    },
    {
      "name": "cosstores.com",
      "domains": [
        "cosstores.com"
      ],
      "platform": "generic",
      "checkoutHints": [
        "checkout",
        "cart",
        "bag",
        "basket",
        "payment",
        "order"
      ],
      "scrape": {
        "paths": [
          "/",
          "/sale",
          "/offers",
          "/promo",
          "/promotions",
          "/discount",
          "/voucher",
          "/vouchers"
        ]
      }
    },
    {
      "name": "boden.co.uk",
      "domains": [
        "boden.co.uk"
      ],
      "platform": "generic",
      "checkoutHints": [
        "checkout",
        "cart",
        "bag",
        "basket",
        "payment",
        "order"
      ],
      "scrape": {
        "paths": [
          "/",
          "/sale",
          "/offers",
          "/promo",
          "/promotions",
          "/discount",
          "/voucher",
          "/vouchers"
        ]
      }
    },
    {
      "name": "reiss.com",
      "domains": [
        "reiss.com"
      ],
      "platform": "generic",
      "checkoutHints": [
        "checkout",
        "cart",
        "bag",
        "basket",
        "payment",
        "order"
      ],
      "scrape": {
        "paths": [
          "/",
          "/sale",
          "/offers",
          "/promo",
          "/promotions",
          "/discount",
          "/voucher",
          "/vouchers"
        ]
      }
    },
    {
      "name": "allsaints.com",
      "domains": [
        "allsaints.com"
      ],
      "platform": "generic",
      "checkoutHints": [
        "checkout",
        "cart",
        "bag",
        "basket",
        "payment",
        "order"
      ],
      "scrape": {
        "paths": [
          "/",
          "/sale",
          "/offers",
          "/promo",
          "/promotions",
          "/discount",
          "/voucher",
          "/vouchers"
        ]
      }
    },
    {
      "name": "hobbs.com",
      "domains": [
        "hobbs.com"
      ],
      "platform": "generic",
      "checkoutHints": [
        "checkout",
        "cart",
        "bag",
        "basket",
        "payment",
        "order"
      ],
      "scrape": {
        "paths": [
          "/",
          "/sale",
          "/offers",
          "/promo",
          "/promotions",
          "/discount",
          "/voucher",
          "/vouchers"
        ]
      }
    },
    {
      "name": "sweatybetty.com",
      "domains": [
        "sweatybetty.com"
      ],
      "platform": "generic",
      "checkoutHints": [
        "checkout",
        "cart",
        "bag",
        "basket",
        "payment",
        "order"
      ],
      "scrape": {
        "paths": [
          "/",
          "/sale",
          "/offers",
          "/promo",
          "/promotions",
          "/discount",
          "/voucher",
          "/vouchers"
        ]
      }
    },
    {
      "name": "gymshark.com",
      "domains": [
        "gymshark.com"
      ],
      "platform": "generic",
      "checkoutHints": [
        "checkout",
        "cart",
        "bag",
        "basket",
        "payment",
        "order"
      ],
      "scrape": {
        "paths": [
          "/",
          "/sale",
          "/offers",
          "/promo",
          "/promotions",
          "/discount",
          "/voucher",
          "/vouchers"
        ]
      }
    },
    {
      "name": "annsummers.com",
      "domains": [
        "annsummers.com"
      ],
      "platform": "generic",
      "checkoutHints": [
        "checkout",
        "cart",
        "bag",
        "basket",
        "payment",
        "order"
      ],
      "scrape": {
        "paths": [
          "/",
          "/sale",
          "/offers",
          "/promo",
          "/promotions",
          "/discount",
          "/voucher",
          "/vouchers"
        ]
      }
    },
    {
      "name": "victoriassecret.co.uk",
      "domains": [
        "victoriassecret.co.uk"
      ],
      "platform": "generic",
      "checkoutHints": [
        "checkout",
        "cart",
        "bag",
        "basket",
        "payment",
        "order"
      ],
      "scrape": {
        "paths": [
          "/",
          "/sale",
          "/offers",
          "/promo",
          "/promotions",
          "/discount",
          "/voucher",
          "/vouchers"
        ]
      }
    }
  ]
}